{"stat.leaveGame":10,"stat.killEntity.trumpetskeleton.TrumpetSkeleton":4,"stat.mineBlock.horsepower.chopping_block":2,"stat.drop.death_compass.death_compass":6,"stat.craftItem.minecraft.string":8,"stat.pickup.immcraft.shelf":3,"stat.useItem.minecraft.planks":6,"stat.drop.minecraft.feather":1,"stat.pickup.minecraft.porkchop":6,"stat.pickup.minecraft.rotten_flesh":25,"stat.pickup.primal.armor_wolf_head":1,"stat.useItem.betterwithmods.mystery_meat":1,"stat.useItem.abyssalcraft.cobblestone":1,"stat.pickup.natura.materials":3,"stat.drop.progressiontweaks.spear":1,"stat.useItem.betterwithmods.cooked_mystery_meat":1,"stat.pickup.death_compass.death_compass":2,"stat.pickup.primal.sharp_bone":1,"stat.pickup.progressiontweaks.spear":2,"stat.useItem.primal_tech.fire_sticks":223,"stat.pickup.primal.armor_wolf_body":2,"stat.mineBlock.chisel.marble2":19,"stat.pickup.rustic.wildberries":2,"stat.pickup.trumpetskeleton.trumpet":1,"stat.pickup.primal.armor_wolf_feet":2,"stat.pickup.minecraft.beef":9,"stat.useItem.minecraft.cooked_mutton":7,"stat.craftItem.primal_tech.work_stump":2,"stat.useItem.rustic.wildberries":2,"stat.pickup.abyssalcraft.cobblestone":3,"stat.mineBlock.contenttweaker.sub_block_holder_0":2,"stat.pickup.minecraft.pumpkin_seeds":1,"stat.mineBlock.minecraft.oak_stairs":1,"stat.deaths":7,"stat.pickup.horsepower.chopping_block":3,"stat.playOneMinute":223531,"stat.pickup.betterwithmods.mystery_meat":2,"stat.pickup.ferdinandsflowers.block_cff_flowers":3,"stat.mineBlock.actuallyadditions.block_wild":1,"stat.pickup.chisel.marble2":18,"stat.mineBlock.minecraft.tallgrass":67,"stat.craftItem.primal.plant_cordage":7,"stat.pickup.minecraft.cooked_mutton":3,"stat.pickup.minecraft.pumpkin":5,"stat.useItem.minecraft.fish":1,"stat.killEntity.salmon":1,"stat.craftItem.minecraft.flint":28,"stat.pickup.primal.bone_knapp":1,"stat.mineBlock.rustic.slate":58,"stat.pickup.betterwithmods.hemp":3,"stat.fallOneCm":56693,"stat.pickup.minecraft.carrot":13,"stat.mineBlock.abyssalcraft.stone":5,"stat.crouchOneCm":5675,"stat.pickup.actuallyadditions.item_food":1,"stat.useItem.progressiontweaks.spear":9,"stat.pickup.betterwithaddons.wool":6,"stat.pickup.minecraft.feather":1,"stat.mineBlock.geolosys.ore_sample":5,"stat.pickup.primal.rush_stems":5,"stat.pickup.minecraft.planks":47,"stat.pickup.minecraft.wheat_seeds":1,"stat.mineBlock.minecraft.gravel":32,"stat.useItem.minecraft.stone_pickaxe":45,"stat.mineBlock.minecraft.dirt":11,"stat.pickup.primal.mud_clump":5,"stat.mineBlock.ferdinandsflowers.block_cff_flowers":1,"stat.mineBlock.mekanism.saltblock":7,"stat.mineBlock.ferdinandsflowers.block_cff_dark":1,"stat.mineBlock.actuallyadditions.block_black_lotus":1,"stat.useItem.minecraft.cobblestone":3,"stat.pickup.minecraft.log":44,"stat.pickup.traverse.brown_autumnal_sapling":1,"stat.pickup.immcraft.chest":2,"stat.pickup.primal.pelt_sheep":8,"stat.mineBlock.natura.overworld_leaves2":1,"stat.useItem.minecraft.yellow_flower":1,"stat.pickup.minecraft.web":1,"stat.pickup.minecraft.chicken":1,"stat.pickup.minecraft.sapling":16,"stat.pickup.minecraft.apple":2,"stat.pickup.minecraft.beetroot":2,"stat.mineBlock.primal.mud_wet":2,"stat.mineBlock.minecraft.log":41,"stat.useItem.carryon.entity_item":4,"stat.pickup.primal_tech.work_stump":1,"stat.pickup.ferdinandsflowers.block_cff_doublesc":1,"stat.pickup.minecraft.red_flower":14,"stat.sneakTime":2415,"stat.drop.minecraft.yellow_flower":1,"stat.pickup.ferdinandsflowers.block_cff_flowersd":1,"stat.pickup.minecraft.yellow_flower":3,"stat.pickup.ferdinandsflowers.block_cff_flowerse":1,"stat.pickup.ferdinandsflowers.block_cff_flowersb":1,"stat.pickup.ferdinandsflowers.block_cff_flowersc":1,"stat.pickup.minecraft.bone":15,"stat.pickup.primal.armor_wolf_legs":1,"stat.craftItem.primal.bark_oak":5,"stat.mineBlock.minecraft.pumpkin":6,"stat.mineBlock.minecraft.cobblestone":10,"stat.pickup.progressiontweaks.broken_spear_shaft":1,"stat.pickup.minecraft.stone_pickaxe":1,"stat.pickup.primal_tech.stone_grill":3,"stat.swimOneCm":75262,"stat.pickup.rustic.ginseng":4,"stat.climbOneCm":1292,"stat.useItem.minecraft.dirt":3,"stat.useItem.primal.flint_hatchet":69,"stat.useItem.minecraft.red_flower":2,"stat.pickup.minecraft.cobblestone":12,"stat.pickup.ferdinandsflowers.block_cff_fungus":2,"stat.mineBlock.minecraft.clay":36,"stat.flyOneCm":565284,"stat.pickup.minecraft.fish":3,"stat.pickup.rustic.slate":58,"stat.mineBlock.traverse.brown_autumnal_leaves":44,"stat.mineBlock.abyssalcraft.shoggothblock":1,"stat.timeSinceDeath":85521,"stat.pickup.minecraft.mutton":12,"stat.pickup.actuallyadditions.item_rice_seed":1,"stat.pickup.wopper.wopper":1,"stat.useItem.minecraft.potato":12,"stat.pickup.betterwithmods.cooked_mystery_meat":1,"stat.pickup.mekanism.salt":52,"stat.talkedToVillager":15,"stat.pickup.minecraft.string":14,"stat.pickup.primal.pelt_pig":2,"stat.mineBlock.minecraft.grass":10,"stat.sprintOneCm":337330,"stat.useItem.primal.flint_workblade":270,"stat.pickup.primal.pelt_cow":1,"stat.mineBlock.rustic.wildberry_bush":2,"stat.useItem.carryon.tile_item":1,"stat.useItem.minecraft.carrot":13,"stat.mineBlock.minecraft.planks":6,"stat.drop":11,"stat.craftItem.primal.flint_hatchet":1,"stat.killEntity.Sheep":6,"stat.killEntity.Zombie":22,"stat.pickup.abyssalcraft.statue":1,"stat.diveOneCm":77769,"stat.pickup.primal.flint_hatchet":1,"stat.pickup.rustic.wildberry_bush":2,"stat.pickup.abyssalcraft.shoggothflesh":4,"stat.killEntity.cod":1,"stat.pickup.minecraft.gravel":31,"stat.mineBlock.ferdinandsflowers.block_cff_flowersb":2,"stat.useItem.minecraft.apple":1,"stat.craftItem.pickletweaks.grass_mesh":1,"stat.useItem.immcraft.rock":1,"stat.jump":2631,"stat.pickup.immcraft.rock":13,"stat.pickup.primal.flint_pickaxe":1,"stat.pickup.primal_tech.fire_sticks":1,"stat.pickup.betterwithmods.material":2,"stat.pickup.actuallyadditions.block_black_lotus":1,"stat.pickup.progressiontweaks.fire_pit_unlit":1,"stat.pickup.minecraft.dirt":70,"stat.useItem.minecraft.sapling":2,"stat.mineBlock.immcraft.rock":5,"stat.pickup.primal.plant_fiber":56,"stat.craftItem.immcraft.rock":9,"stat.killEntity.abyssalcraft.lessershoggoth":1,"stat.damageTaken":2443,"stat.mineBlock.minecraft.red_flower":6,"stat.mineBlock.ferdinandsflowers.block_cff_fungus":2,"stat.pickup.primal.flint_knapp":11,"stat.pickup.minecraft.potato":12,"stat.pickup.primal.flint_workblade":2,"stat.entityKilledBy.Zombie":5,"stat.mineBlock.primal_tech.stone_grill":2,"stat.mineBlock.primal_tech.work_stump":1,"stat.damageDealt":9469,"stat.drop.rustic.ginseng":2,"stat.killEntity.Cow":4,"stat.craftItem.horsepower.chopping_block":3,"stat.killEntity.Pig":3,"stat.mineBlock.primal.rush":15,"stat.useItem.minecraft.air":30,"stat.mineBlock.immcraft.shelf":1,"stat.walkOneCm":632241,"stat.pickup.minecraft.stick":150,"stat.mineBlock.abyssalcraft.statue":1,"stat.pickup.minecraft.clay_ball":151,"stat.killEntity.piranha":2,"stat.pickup.primal.rush_seeds":4,"stat.craftItem.primal_tech.fire_sticks":14,"stat.pickup.minecraft.stone":13,"stat.pickup.naturescompass.naturescompass":1,"stat.useItem.primal.flint_pickaxe":115,"stat.killEntity.Spider":9,"stat.pickup.abyssalcraft.stone":3,"stat.mobKills":55,"stat.mineBlock.geolosys.ore_sample_vanilla":1,"stat.mineBlock.minecraft.leaves":206,"stat.pickup.minecraft.beetroot_seeds":8,"stat.pickup.minecraft.torch":2,"stat.mineBlock.abyssalcraft.cobblestone":1,"stat.mineBlock.minecraft.stone":54,"stat.mineBlock.immcraft.sticks":9}