{
  "triumph:stage0/workblade": {
    "criteria": {
      "hasRock": "2025-12-14 15:49:54 +0000",
      "completedParent": "2025-12-14 15:45:39 +0000"
    },
    "done": true
  },
  "triumph:stage0/naturescompass": {
    "criteria": {
      "hasRock": "2025-12-14 16:02:58 +0000",
      "completedParent": "2025-12-14 15:40:05 +0000"
    },
    "done": true
  },
  "triumph:stage0/abyssalbiome": {
    "criteria": {
      "entered_forest": "2025-12-14 20:04:11 +0000",
      "completedParent": "2025-12-14 16:02:58 +0000"
    },
    "done": true
  },
  "triumph:stage0/abyssalgem": {
    "criteria": {
      "completedParent": "2025-12-14 20:04:11 +0000"
    },
    "done": false
  },
  "triumph:stage0/firstbreak": {
    "criteria": {
      "completedParent": "2025-12-14 15:26:40 +0000",
      "brokeLog1": "2025-12-14 15:13:09 +0000"
    },
    "done": true
  },
  "triumph:stage0/chestupgrade": {
    "criteria": {
      "completedParent": "2025-12-14 15:40:05 +0000"
    },
    "done": false
  },
  "triumph:stage0/spear": {
    "criteria": {
      "hasRock": "2025-12-14 15:27:25 +0000",
      "completedParent": "2025-12-14 16:00:52 +0000"
    },
    "done": true
  },
  "triumph:stage0/fluidbladder": {
    "criteria": {
      "completedParent": "2025-12-14 15:40:05 +0000"
    },
    "done": false
  },
  "triumph:stage0/flamehopper": {
    "criteria": {
      "completedParent": "2025-12-14 20:31:24 +0000"
    },
    "done": false
  },
  "triumph:stage0/farmland": {
    "criteria": {
      "completedParent": "2025-12-14 15:49:54 +0000"
    },
    "done": false
  },
  "triumph:stage0/workstump": {
    "criteria": {
      "completedParent": "2025-12-14 15:28:49 +0000",
      "crafted": "2025-12-14 15:40:05 +0000"
    },
    "done": true
  },
  "triumph:stage0/woodhopper1": {
    "criteria": {
      "completedParent": "2025-12-14 15:40:05 +0000",
      "hasRock": "2025-12-14 19:52:11 +0000"
    },
    "done": true
  },
  "triumph:stage0/woodhopper2": {
    "criteria": {
      "completedParent": "2025-12-14 19:52:11 +0000",
      "hasRock": "2025-12-14 20:31:24 +0000"
    },
    "done": true
  },
  "triumph:stage0/firsttool": {
    "criteria": {
      "completedParent": "2025-12-14 14:02:33 +0000",
      "hasRock": "2025-12-14 15:26:40 +0000"
    },
    "done": true
  },
  "triumph:stage0/fish": {
    "criteria": {
      "killed_fish2": "2025-12-14 15:57:16 +0000",
      "killed_fish4": "2025-12-14 15:57:07 +0000",
      "completedParent": "2025-12-14 16:00:52 +0000"
    },
    "done": true
  },
  "triumph:stage0/handgrind": {
    "criteria": {
      "completedParent": "2025-12-14 15:40:05 +0000"
    },
    "done": false
  },
  "triumph:stage0/weaponize": {
    "criteria": {
      "hasRock": "2025-12-14 16:00:52 +0000",
      "completedParent": "2025-12-14 15:26:40 +0000"
    },
    "done": true
  },
  "triumph:stage0/fiber": {
    "criteria": {
      "hasRock": "2025-12-14 14:03:24 +0000",
      "completedParent": "2025-12-14 14:02:33 +0000"
    },
    "done": true
  },
  "triumph:stage0/firepit": {
    "criteria": {
      "hasRock": "2025-12-14 15:42:04 +0000",
      "completedParent": "2025-12-14 15:35:23 +0000"
    },
    "done": true
  },
  "triumph:stage0/stonetools": {
    "criteria": {
      "hasRock": "2025-12-14 15:48:05 +0000",
      "completedParent": "2025-12-14 15:45:39 +0000"
    },
    "done": true
  },
  "triumph:stage0/flintknapp": {
    "criteria": {
      "hasRock": "2025-12-14 15:26:18 +0000",
      "completedParent": "2025-12-14 15:23:20 +0000"
    },
    "done": true
  },
  "triumph:stage0/waterstrainer": {
    "criteria": {
      "completedParent": "2025-12-14 15:40:05 +0000"
    },
    "done": false
  },
  "triumph:stage0/grill": {
    "criteria": {
      "completedParent": "2025-12-14 15:42:04 +0000",
      "hasRock": "2025-12-14 16:28:16 +0000"
    },
    "done": true
  },
  "triumph:stage0/root": {
    "criteria": {
      "location": "2025-12-14 14:02:33 +0000"
    },
    "done": true
  },
  "triumph:stage0/collectplank": {
    "criteria": {
      "completedParent": "2025-12-14 15:26:40 +0000",
      "crafted": "2025-12-14 15:28:49 +0000"
    },
    "done": true
  },
  "triumph:stage0/kiln": {
    "criteria": {
      "completedParent": "2025-12-14 15:40:05 +0000"
    },
    "done": false
  },
  "triumph:stage0/firstchest": {
    "criteria": {
      "completedParent": "2025-12-14 15:40:05 +0000",
      "hasRock3": "2025-12-14 15:27:25 +0000"
    },
    "done": true
  },
  "triumph:stage0/saltflats": {
    "criteria": {
      "completedParent": "2025-12-14 16:28:16 +0000",
      "hasRock5": "2025-12-14 15:25:33 +0000"
    },
    "done": true
  },
  "triumph:stage0/upgrade": {
    "criteria": {
      "hasRock": "2025-12-14 15:45:39 +0000",
      "completedParent": "2025-12-14 15:26:40 +0000"
    },
    "done": true
  },
  "triumph:stage0/fire": {
    "criteria": {
      "hasRock": "2025-12-14 15:35:23 +0000",
      "completedParent": "2025-12-14 15:26:40 +0000"
    },
    "done": true
  },
  "triumph:stage0/tomahawk": {
    "criteria": {
      "completedParent": "2025-12-14 16:00:52 +0000"
    },
    "done": false
  },
  "triumph:stage0/mesh": {
    "criteria": {
      "completedParent": "2025-12-14 14:03:24 +0000",
      "hasRock": "2025-12-14 15:23:20 +0000"
    },
    "done": true
  },
  "triumph:stage0/atlas": {
    "criteria": {
      "completedParent": "2025-12-14 15:49:54 +0000"
    },
    "done": false
  },
  "triumph:stage1/statue": {
    "criteria": {
      "hasRock2": "2025-12-14 20:16:59 +0000"
    },
    "done": false
  }
}