{"stat.pickup.minecraft.bone":12,"stat.leaveGame":8,"stat.mineBlock.minecraft.pumpkin":6,"stat.mineBlock.minecraft.cobblestone":4,"stat.pickup.progressiontweaks.broken_spear_shaft":1,"stat.pickup.minecraft.stone_pickaxe":1,"stat.pickup.primal_tech.stone_grill":3,"stat.killEntity.trumpetskeleton.TrumpetSkeleton":3,"stat.mineBlock.horsepower.chopping_block":2,"stat.drop.death_compass.death_compass":5,"stat.swimOneCm":37901,"stat.pickup.immcraft.shelf":1,"stat.pickup.rustic.ginseng":2,"stat.climbOneCm":1292,"stat.useItem.minecraft.planks":3,"stat.pickup.minecraft.porkchop":6,"stat.useItem.primal.flint_hatchet":41,"stat.pickup.minecraft.rotten_flesh":11,"stat.useItem.minecraft.red_flower":2,"stat.useItem.betterwithmods.mystery_meat":1,"stat.pickup.natura.materials":3,"stat.pickup.minecraft.cobblestone":9,"stat.pickup.ferdinandsflowers.block_cff_fungus":2,"stat.drop.progressiontweaks.spear":1,"stat.flyOneCm":426066,"stat.pickup.minecraft.fish":1,"stat.useItem.betterwithmods.cooked_mystery_meat":1,"stat.pickup.death_compass.death_compass":2,"stat.mineBlock.traverse.brown_autumnal_leaves":44,"stat.pickup.primal.sharp_bone":1,"stat.pickup.progressiontweaks.spear":2,"stat.useItem.primal_tech.fire_sticks":177,"stat.timeSinceDeath":27739,"stat.pickup.minecraft.mutton":6,"stat.pickup.actuallyadditions.item_rice_seed":1,"stat.useItem.minecraft.potato":4,"stat.pickup.rustic.wildberries":2,"stat.pickup.betterwithmods.cooked_mystery_meat":1,"stat.pickup.mekanism.salt":28,"stat.talkedToVillager":6,"stat.pickup.primal.armor_wolf_feet":1,"stat.pickup.minecraft.string":8,"stat.pickup.primal.pelt_pig":2,"stat.mineBlock.minecraft.grass":6,"stat.pickup.minecraft.beef":5,"stat.useItem.minecraft.cooked_mutton":3,"stat.craftItem.primal_tech.work_stump":2,"stat.sprintOneCm":212732,"stat.useItem.primal.flint_workblade":149,"stat.useItem.rustic.wildberries":2,"stat.pickup.primal.pelt_cow":1,"stat.mineBlock.rustic.wildberry_bush":2,"stat.mineBlock.contenttweaker.sub_block_holder_0":2,"stat.pickup.minecraft.pumpkin_seeds":1,"stat.useItem.minecraft.carrot":4,"stat.mineBlock.minecraft.oak_stairs":1,"stat.deaths":6,"stat.mineBlock.minecraft.planks":3,"stat.drop":6,"stat.pickup.horsepower.chopping_block":3,"stat.playOneMinute":126807,"stat.craftItem.primal.flint_hatchet":1,"stat.killEntity.Sheep":2,"stat.pickup.betterwithmods.mystery_meat":1,"stat.pickup.ferdinandsflowers.block_cff_flowers":3,"stat.mineBlock.actuallyadditions.block_wild":1,"stat.killEntity.Zombie":10,"stat.mineBlock.minecraft.tallgrass":57,"stat.diveOneCm":51387,"stat.pickup.primal.flint_hatchet":1,"stat.craftItem.primal.plant_cordage":6,"stat.pickup.minecraft.cooked_mutton":3,"stat.pickup.minecraft.pumpkin":5,"stat.pickup.rustic.wildberry_bush":2,"stat.killEntity.cod":1,"stat.pickup.minecraft.gravel":31,"stat.mineBlock.ferdinandsflowers.block_cff_flowersb":1,"stat.killEntity.salmon":1,"stat.useItem.minecraft.apple":1,"stat.craftItem.minecraft.flint":28,"stat.craftItem.pickletweaks.grass_mesh":1,"stat.pickup.primal.bone_knapp":1,"stat.jump":1713,"stat.pickup.betterwithmods.hemp":3,"stat.pickup.immcraft.rock":7,"stat.pickup.primal.flint_pickaxe":1,"stat.fallOneCm":38272,"stat.pickup.betterwithmods.material":2,"stat.pickup.progressiontweaks.fire_pit_unlit":1,"stat.pickup.minecraft.carrot":4,"stat.crouchOneCm":2328,"stat.pickup.actuallyadditions.item_food":1,"stat.useItem.progressiontweaks.spear":9,"stat.pickup.minecraft.dirt":46,"stat.pickup.betterwithaddons.wool":2,"stat.mineBlock.immcraft.rock":2,"stat.pickup.primal.plant_fiber":45,"stat.damageTaken":1908,"stat.mineBlock.geolosys.ore_sample":3,"stat.mineBlock.minecraft.red_flower":5,"stat.mineBlock.ferdinandsflowers.block_cff_fungus":2,"stat.pickup.primal.flint_knapp":7,"stat.pickup.primal.rush_stems":5,"stat.pickup.minecraft.planks":14,"stat.pickup.minecraft.potato":4,"stat.pickup.primal.flint_workblade":1,"stat.entityKilledBy.Zombie":4,"stat.mineBlock.minecraft.gravel":32,"stat.mineBlock.primal_tech.stone_grill":2,"stat.mineBlock.primal_tech.work_stump":1,"stat.damageDealt":4400,"stat.killEntity.Cow":2,"stat.mineBlock.minecraft.dirt":2,"stat.craftItem.horsepower.chopping_block":3,"stat.killEntity.Pig":3,"stat.pickup.primal.mud_clump":5,"stat.mineBlock.primal.rush":15,"stat.useItem.minecraft.air":21,"stat.mineBlock.immcraft.shelf":1,"stat.walkOneCm":276023,"stat.mineBlock.ferdinandsflowers.block_cff_flowers":1,"stat.mineBlock.mekanism.saltblock":7,"stat.mineBlock.ferdinandsflowers.block_cff_dark":1,"stat.pickup.minecraft.stick":78,"stat.useItem.minecraft.cobblestone":3,"stat.killEntity.piranha":2,"stat.pickup.minecraft.log":24,"stat.pickup.traverse.brown_autumnal_sapling":1,"stat.pickup.immcraft.chest":1,"stat.pickup.primal.pelt_sheep":4,"stat.pickup.primal.rush_seeds":4,"stat.craftItem.primal_tech.fire_sticks":3,"stat.mineBlock.natura.overworld_leaves2":1,"stat.useItem.minecraft.yellow_flower":1,"stat.pickup.minecraft.stone":13,"stat.pickup.naturescompass.naturescompass":1,"stat.pickup.minecraft.sapling":6,"stat.pickup.minecraft.apple":1,"stat.mineBlock.primal.mud_wet":2,"stat.useItem.primal.flint_pickaxe":30,"stat.killEntity.Spider":3,"stat.mobKills":28,"stat.mineBlock.minecraft.log":21,"stat.useItem.carryon.entity_item":4,"stat.pickup.primal_tech.work_stump":1,"stat.pickup.ferdinandsflowers.block_cff_doublesc":1,"stat.mineBlock.minecraft.leaves":85,"stat.pickup.minecraft.beetroot_seeds":2,"stat.pickup.minecraft.torch":2,"stat.pickup.minecraft.red_flower":13,"stat.sneakTime":1004,"stat.pickup.ferdinandsflowers.block_cff_flowersd":1,"stat.pickup.minecraft.yellow_flower":2,"stat.pickup.ferdinandsflowers.block_cff_flowerse":1,"stat.pickup.ferdinandsflowers.block_cff_flowersb":1,"stat.pickup.ferdinandsflowers.block_cff_flowersc":1,"stat.mineBlock.minecraft.stone":27,"stat.mineBlock.immcraft.sticks":5}